<?xml version="1.0" encoding="UTF-8"?>
<project-private xmlns="http://www.netbeans.org/ns/project-private/1">
    <editor-bookmarks xmlns="http://www.netbeans.org/ns/editor-bookmarks/2" lastBookmarkId="0"/>
    <open-files xmlns="http://www.netbeans.org/ns/projectui-open-files/2">
        <group>
            <file>file:/D:/saját/egyetem/23_24_1/progtech/bead1/PlaneFigures/src/planefigures/Circle.java</file>
            <file>file:/D:/saját/egyetem/23_24_1/progtech/bead1/PlaneFigures/src/planefigures/PlaneFigures.java</file>
            <file>file:/D:/saját/egyetem/23_24_1/progtech/bead1/PlaneFigures/src/planefigures/Hexagon.java</file>
            <file>file:/D:/saját/egyetem/23_24_1/progtech/bead1/PlaneFigures/src/planefigures/Square.java</file>
            <file>file:/D:/saját/egyetem/23_24_1/progtech/bead1/PlaneFigures/src/planefigures/Database.java</file>
            <file>file:/D:/saját/egyetem/23_24_1/progtech/bead1/PlaneFigures/src/planefigures/Triangle.java</file>
            <file>file:/D:/saját/egyetem/23_24_1/progtech/bead1/PlaneFigures/src/planefigures/PlaneFigure.java</file>
        </group>
    </open-files>
</project-private>
